run_utc,date_utc,run_tag,regime,hdd_15d,hdd_30d,cdd_15d,cdd_30d,hdd_fut7,hdd_fut15,cdd_fut7,cdd_fut15,delta_hdd_fut7,delta_hdd_fut15,delta_cdd_fut7,delta_cdd_fut15,storage_week,storage_total_bcf,storage_wow_bcf,storage_bias,price_symbol,price_close,price_ma20,price_rsi14,price_vol10,cot_net_managed_money,score_weather,score_storage,score_price,score_cot,score_total,signal,notes
2026-02-14 06:00:58 UTC,2026-02-14,AM (UTC),WINTER,27.87,33.53,0.0,0.0,0.0,0.0,0.0,0.0,0.0,0.0,0.0,0.0,2026-02-06,784.0,575.0,BUILD,,,,,,,0,-2,0,0,-2,WAIT,storage_note=ok; price_note=price unavailable (yfinance + FRED failed); cot_note=disabled
2026-02-14 06:05:03 UTC,2026-02-14,AM (UTC),WINTER,27.87,33.53,0.0,0.0,0.0,0.0,0.0,0.0,0.0,0.0,0.0,0.0,2026-02-06,784.0,575.0,BUILD,NG=F,3.243000030517578,4.225350022315979,22.84318203346976,1.4061840670121732,,0,-2,-2,0,-4,KOLD LONG (2–5D),storage_note=ok; price_note=ok; cot_note=disabled
2026-02-14 13:59:55 UTC,2026-02-14,PM (UTC),WINTER,28.62,33.88,0.0,0.0,0.0,0.0,0.0,0.0,0.0,0.0,0.0,0.0,2026-02-06,784.0,511.0,BUILD,NG=F,3.243000030517578,4.225350022315979,22.84318203346976,1.4061840670121732,,0,-2,-2,0,-4,KOLD LONG (2–5D),storage_note=ok; price_note=ok; cot_note=disabled
2026-02-15 05:21:29 UTC,2026-02-15,AM (UTC),WINTER,26.4,32.13,0.0,0.0,0.0,0.0,0.0,0.0,0.0,0.0,0.0,0.0,2026-02-06,784.0,575.0,BUILD,NG=F,3.243000030517578,4.225350022315979,22.84318203346976,1.4061840670121732,,0,-2,-2,0,-4,KOLD LONG (2–5D),storage_note=ok; price_note=ok; cot_note=disabled
2026-02-15 14:00:18 UTC,2026-02-15,PM (UTC),WINTER,27.0,32.29,0.0,0.0,0.0,0.0,0.0,0.0,0.0,0.0,0.0,0.0,2026-02-06,784.0,511.0,BUILD,NG=F,3.243000030517578,4.225350022315979,22.84318203346976,1.4061840670121732,,0,-2,-2,0,-4,KOLD LONG (2–5D),storage_note=ok; price_note=ok; cot_note=disabled
2026-02-16 01:02:17 UTC,2026-02-16,AM (UTC),WINTER,25.81,31.22,0.0,0.0,0.0,0.0,0.0,0.0,0.0,0.0,0.0,0.0,2026-02-06,784.0,511.0,BUILD,NG=F,3.010999917984009,4.220750021934509,20.250492388108853,0.6633038890180802,,0,-2,-2,0,-4,KOLD LONG (2–5D),storage_note=ok; price_note=ok; cot_note=disabled
2026-02-16 01:04:16 UTC,2026-02-16,AM (UTC),WINTER,25.81,31.22,0.0,0.0,0.0,0.0,0.0,0.0,0.0,0.0,0.0,0.0,2026-02-06,784.0,511.0,BUILD,NG=F,3.013000011444092,4.220850026607513,20.256606029538844,0.6616131480707359,,0,-2,-2,0,-4,KOLD LONG (2–5D),storage_note=ok; price_note=ok; cot_note=disabled
2026-02-16 01:04:46 UTC,2026-02-16,AM (UTC),WINTER,25.81,31.22,0.0,0.0,0.0,0.0,0.0,0.0,0.0,0.0,0.0,0.0,2026-02-06,784.0,511.0,BUILD,NG=F,3.013000011444092,4.220850026607513,20.256606029538844,0.6616131480707359,,0,-2,-2,0,-4,KOLD LONG (2–5D),storage_note=ok; price_note=ok; cot_note=disabled
2026-02-16 01:18:08 UTC,2026-02-16,AM (UTC),WINTER,25.81,31.24,0.0,0.0,0.0,0.0,0.0,0.0,0.0,0.0,0.0,0.0,2026-02-06,784.0,575.0,BUILD,NG=F,3.0239999294281006,4.221400022506714,20.290295322876005,0.6524988609015269,,0,-2,-2,0,-4,KOLD LONG (2–5D),storage_note=ok; price_note=ok; cot_note=Nasdaq access denied (403)
2026-02-16 01:24:43 UTC,2026-02-16,AM (UTC),WINTER,25.81,31.24,0.0,0.0,206.1,417.3,0.0,0.0,206.1,417.3,0.0,0.0,2026-02-06,784.0,511.0,BUILD,NG=F,3.025000095367432,4.22145003080368,20.29336407549588,0.6516858883877001,,2,-2,-2,0,-2,WAIT,storage_note=ok; price_note=ok; cot_note=Nasdaq access denied (403)
2026-02-16 01:27:01 UTC,2026-02-16,AM (UTC),WINTER,25.81,31.24,0.0,0.0,206.1,417.3,0.0,0.0,-0.0,0.0,0.0,0.0,2026-02-06,784.0,511.0,BUILD,NG=F,3.025000095367432,4.22145003080368,20.29336407549588,0.6516858883877001,,0,-2,-2,0,-4,KOLD LONG (2–5D),storage_note=ok; price_note=ok; cot_note=disabled
2026-02-16 01:27:34 UTC,2026-02-16,AM (UTC),WINTER,25.81,31.24,0.0,0.0,206.1,417.3,0.0,0.0,-0.0,0.0,0.0,0.0,2026-02-06,784.0,575.0,BUILD,NG=F,3.026000022888184,4.221500027179718,20.29643302464885,0.6508757758667186,,0,-2,-2,0,-4,KOLD LONG (2–5D),storage_note=ok; price_note=ok; cot_note=disabled
2026-02-16 05:47:11 UTC,2026-02-16,AM (UTC),WINTER,34.62,35.97,0.0,0.0,211.7,514.2,0.0,0.0,5.6,96.9,0.0,0.0,2026-02-06,784.0,575.0,BUILD,NG=F,3.0199999809265137,4.221200025081634,20.278031779486525,0.6557766337142019,,2,-2,-2,0,-2,WAIT,storage_note=ok; price_note=ok; cot_note=disabled
2026-02-16 15:04:33 UTC,2026-02-16,PM (UTC),WINTER,31.89,34.46,0.0,0.0,201.4,488.7,0.0,0.0,201.4,488.7,0.0,0.0,2026-02-06,784.0,511.0,BUILD,NG=F,3.0429999828338623,4.222350025177002,20.34875122358972,0.6375205526242407,,2,-2,-2,0,-2,WAIT,storage_note=ok; price_note=ok; cot_note=disabled
2026-02-17 05:24:47 UTC,2026-02-17,AM (UTC),WINTER,33.48,34.84,0.0,0.0,200.0,493.0,0.0,0.0,-11.7,-21.2,0.0,0.0,2026-02-06,784.0,511.0,BUILD,NG=F,3.11299991607666,4.2258500218391415,20.567051775668347,0.591754185120465,,-2,-2,-2,0,-6,KOLD LONG (2–5D),storage_note=ok; price_note=ok; cot_note=disabled
2026-02-17 15:10:36 UTC,2026-02-17,PM (UTC),WINTER,33.24,34.67,0.0,0.0,202.4,487.7,0.0,0.0,1.0,-1.0,0.0,0.0,2026-02-06,784.0,575.0,BUILD,NG=F,3.049999952316284,4.222700023651123,20.37037244793433,0.6322577411364142,,2,-2,-2,0,-2,WAIT,storage_note=ok; price_note=ok; cot_note=disabled
2026-02-18 05:39:28 UTC,2026-02-18,AM (UTC),WINTER,28.57,31.74,0.0,0.0,203.2,427.0,0.0,0.0,3.2,-66.0,0.0,0.0,2026-02-06,784.0,575.0,BUILD,NG=F,3.013000011444092,4.177050018310547,13.662365495538891,0.6270065391235071,,2,-2,-2,0,-2,WAIT,storage_note=ok; price_note=ok; cot_note=disabled
2026-02-18 15:09:46 UTC,2026-02-18,PM (UTC),WINTER,24.88,29.77,0.0,0.0,202.0,391.4,0.0,0.0,-0.4,-96.3,0.0,0.0,2026-02-06,784.0,575.0,BUILD,NG=F,3.000999927520752,4.17645001411438,13.635624422522326,0.626839511021931,,-2,-2,-2,0,-6,KOLD LONG (2–5D),storage_note=ok; price_note=ok; cot_note=disabled
